"house for sale","House For Sale"
"house for sale","House For Sale"
"house For sale","House For Sale"
"house For sale","House For Sale"
"house for Sale","House For Sale"
"house for Sale","House For Sale"
"house For Sale","House For Sale"
"house For Sale","House For Sale"
"house selling","House For Sale"
"house selling","House For Sale"
"house Selling","House For Sale"
"house Selling","House For Sale"
"house in sale","House For Sale"
"house in sale","House For Sale"
"house In sale","House For Sale"
"house In sale","House For Sale"
"house in Sale","House For Sale"
"house in Sale","House For Sale"
"house In Sale","House For Sale"
"house In Sale","House For Sale"
"House for sale","House For Sale"
"House for sale","House For Sale"
"House For sale","House For Sale"
"House For sale","House For Sale"
"House for Sale","House For Sale"
"House for Sale","House For Sale"
"House For Sale","House For Sale"
"House For Sale","House For Sale"
"House selling","House For Sale"
"House selling","House For Sale"
"House Selling","House For Sale"
"House Selling","House For Sale"
"House in sale","House For Sale"
"House in sale","House For Sale"
"House In sale","House For Sale"
"House In sale","House For Sale"
"House in Sale","House For Sale"
"House in Sale","House For Sale"
"House In Sale","House For Sale"
"House In Sale","House For Sale"
"home for sale","House For Sale"
"home for sale","House For Sale"
"home For sale","House For Sale"
"home For sale","House For Sale"
"home for Sale","House For Sale"
"home for Sale","House For Sale"
"home For Sale","House For Sale"
"home For Sale","House For Sale"
"home selling","House For Sale"
"home selling","House For Sale"
"home Selling","House For Sale"
"home Selling","House For Sale"
"home in sale","House For Sale"
"home in sale","House For Sale"
"home In sale","House For Sale"
"home In sale","House For Sale"
"home in Sale","House For Sale"
"home in Sale","House For Sale"
"home In Sale","House For Sale"
"home In Sale","House For Sale"
"Home for sale","House For Sale"
"Home for sale","House For Sale"
"Home For sale","House For Sale"
"Home For sale","House For Sale"
"Home for Sale","House For Sale"
"Home for Sale","House For Sale"
"Home For Sale","House For Sale"
"Home For Sale","House For Sale"
"Home selling","House For Sale"
"Home selling","House For Sale"
"Home Selling","House For Sale"
"Home Selling","House For Sale"
"Home in sale","House For Sale"
"Home in sale","House For Sale"
"Home In sale","House For Sale"
"Home In sale","House For Sale"
"Home in Sale","House For Sale"
"Home in Sale","House For Sale"
"Home In Sale","House For Sale"
"Home In Sale","House For Sale"
"residence for sale","House For Sale"
"residence for sale","House For Sale"
"residence For sale","House For Sale"
"residence For sale","House For Sale"
"residence for Sale","House For Sale"
"residence for Sale","House For Sale"
"residence For Sale","House For Sale"
"residence For Sale","House For Sale"
"residence selling","House For Sale"
"residence selling","House For Sale"
"residence Selling","House For Sale"
"residence Selling","House For Sale"
"residence in sale","House For Sale"
"residence in sale","House For Sale"
"residence In sale","House For Sale"
"residence In sale","House For Sale"
"residence in Sale","House For Sale"
"residence in Sale","House For Sale"
"residence In Sale","House For Sale"
"residence In Sale","House For Sale"
"Residence for sale","House For Sale"
"Residence for sale","House For Sale"
"Residence For sale","House For Sale"
"Residence For sale","House For Sale"
"Residence for Sale","House For Sale"
"Residence for Sale","House For Sale"
"Residence For Sale","House For Sale"
"Residence For Sale","House For Sale"
"Residence selling","House For Sale"
"Residence selling","House For Sale"
"Residence Selling","House For Sale"
"Residence Selling","House For Sale"
"Residence in sale","House For Sale"
"Residence in sale","House For Sale"
"Residence In sale","House For Sale"
"Residence In sale","House For Sale"
"Residence in Sale","House For Sale"
"Residence in Sale","House For Sale"
"Residence In Sale","House For Sale"
"Residence In Sale","House For Sale"
"mansion for sale","House For Sale"
"mansion for sale","House For Sale"
"mansion For sale","House For Sale"
"mansion For sale","House For Sale"
"mansion for Sale","House For Sale"
"mansion for Sale","House For Sale"
"mansion For Sale","House For Sale"
"mansion For Sale","House For Sale"
"mansion selling","House For Sale"
"mansion selling","House For Sale"
"mansion Selling","House For Sale"
"mansion Selling","House For Sale"
"mansion in sale","House For Sale"
"mansion in sale","House For Sale"
"mansion In sale","House For Sale"
"mansion In sale","House For Sale"
"mansion in Sale","House For Sale"
"mansion in Sale","House For Sale"
"mansion In Sale","House For Sale"
"mansion In Sale","House For Sale"
"Mansion for sale","House For Sale"
"Mansion for sale","House For Sale"
"Mansion For sale","House For Sale"
"Mansion For sale","House For Sale"
"Mansion for Sale","House For Sale"
"Mansion for Sale","House For Sale"
"Mansion For Sale","House For Sale"
"Mansion For Sale","House For Sale"
"Mansion selling","House For Sale"
"Mansion selling","House For Sale"
"Mansion Selling","House For Sale"
"Mansion Selling","House For Sale"
"Mansion in sale","House For Sale"
"Mansion in sale","House For Sale"
"Mansion In sale","House For Sale"
"Mansion In sale","House For Sale"
"Mansion in Sale","House For Sale"
"Mansion in Sale","House For Sale"
"Mansion In Sale","House For Sale"
"Mansion In Sale","House For Sale"
"condo for sale","House For Sale"
"condo for sale","House For Sale"
"condo For sale","House For Sale"
"condo For sale","House For Sale"
"condo for Sale","House For Sale"
"condo for Sale","House For Sale"
"condo For Sale","House For Sale"
"condo For Sale","House For Sale"
"condo selling","House For Sale"
"condo selling","House For Sale"
"condo Selling","House For Sale"
"condo Selling","House For Sale"
"condo in sale","House For Sale"
"condo in sale","House For Sale"
"condo In sale","House For Sale"
"condo In sale","House For Sale"
"condo in Sale","House For Sale"
"condo in Sale","House For Sale"
"condo In Sale","House For Sale"
"condo In Sale","House For Sale"
"Condo for sale","House For Sale"
"Condo for sale","House For Sale"
"Condo For sale","House For Sale"
"Condo For sale","House For Sale"
"Condo for Sale","House For Sale"
"Condo for Sale","House For Sale"
"Condo For Sale","House For Sale"
"Condo For Sale","House For Sale"
"Condo selling","House For Sale"
"Condo selling","House For Sale"
"Condo Selling","House For Sale"
"Condo Selling","House For Sale"
"Condo in sale","House For Sale"
"Condo in sale","House For Sale"
"Condo In sale","House For Sale"
"Condo In sale","House For Sale"
"Condo in Sale","House For Sale"
"Condo in Sale","House For Sale"
"Condo In Sale","House For Sale"
"Condo In Sale","House For Sale"
"casa se vende","House For Sale"
"casa se vende","House For Sale"
"casa Se vende","House For Sale"
"casa Se vende","House For Sale"
"casa se Vende","House For Sale"
"casa se Vende","House For Sale"
"casa Se Vende","House For Sale"
"casa Se Vende","House For Sale"
"casa en venta","House For Sale"
"casa en venta","House For Sale"
"casa En venta","House For Sale"
"casa En venta","House For Sale"
"casa en Venta","House For Sale"
"casa en Venta","House For Sale"
"casa En Venta","House For Sale"
"casa En Venta","House For Sale"
"Casa se vende","House For Sale"
"Casa se vende","House For Sale"
"Casa Se vende","House For Sale"
"Casa Se vende","House For Sale"
"Casa se Vende","House For Sale"
"Casa se Vende","House For Sale"
"Casa Se Vende","House For Sale"
"Casa Se Vende","House For Sale"
"Casa en venta","House For Sale"
"Casa en venta","House For Sale"
"Casa En venta","House For Sale"
"Casa En venta","House For Sale"
"Casa en Venta","House For Sale"
"Casa en Venta","House For Sale"
"Casa En Venta","House For Sale"
"Casa En Venta","House For Sale"
"mansion se vende","House For Sale"
"mansion se vende","House For Sale"
"mansion Se vende","House For Sale"
"mansion Se vende","House For Sale"
"mansion se Vende","House For Sale"
"mansion se Vende","House For Sale"
"mansion Se Vende","House For Sale"
"mansion Se Vende","House For Sale"
"mansion en venta","House For Sale"
"mansion en venta","House For Sale"
"mansion En venta","House For Sale"
"mansion En venta","House For Sale"
"mansion en Venta","House For Sale"
"mansion en Venta","House For Sale"
"mansion En Venta","House For Sale"
"mansion En Venta","House For Sale"
"mansión se vende","House For Sale"
"mansión se vende","House For Sale"
"mansión Se vende","House For Sale"
"mansión Se vende","House For Sale"
"mansión se Vende","House For Sale"
"mansión se Vende","House For Sale"
"mansión Se Vende","House For Sale"
"mansión Se Vende","House For Sale"
"mansión en venta","House For Sale"
"mansión en venta","House For Sale"
"mansión En venta","House For Sale"
"mansión En venta","House For Sale"
"mansión en Venta","House For Sale"
"mansión en Venta","House For Sale"
"mansión En Venta","House For Sale"
"mansión En Venta","House For Sale"
"Mansion se vende","House For Sale"
"Mansion se vende","House For Sale"
"Mansion Se vende","House For Sale"
"Mansion Se vende","House For Sale"
"Mansion se Vende","House For Sale"
"Mansion se Vende","House For Sale"
"Mansion Se Vende","House For Sale"
"Mansion Se Vende","House For Sale"
"Mansion en venta","House For Sale"
"Mansion en venta","House For Sale"
"Mansion En venta","House For Sale"
"Mansion En venta","House For Sale"
"Mansion en Venta","House For Sale"
"Mansion en Venta","House For Sale"
"Mansion En Venta","House For Sale"
"Mansion En Venta","House For Sale"
"Mansión se vende","House For Sale"
"Mansión se vende","House For Sale"
"Mansión Se vende","House For Sale"
"Mansión Se vende","House For Sale"
"Mansión se Vende","House For Sale"
"Mansión se Vende","House For Sale"
"Mansión Se Vende","House For Sale"
"Mansión Se Vende","House For Sale"
"Mansión en venta","House For Sale"
"Mansión en venta","House For Sale"
"Mansión En venta","House For Sale"
"Mansión En venta","House For Sale"
"Mansión en Venta","House For Sale"
"Mansión en Venta","House For Sale"
"Mansión En Venta","House For Sale"
"Mansión En Venta","House For Sale"
"hogar se vende","House For Sale"
"hogar se vende","House For Sale"
"hogar Se vende","House For Sale"
"hogar Se vende","House For Sale"
"hogar se Vende","House For Sale"
"hogar se Vende","House For Sale"
"hogar Se Vende","House For Sale"
"hogar Se Vende","House For Sale"
"hogar en venta","House For Sale"
"hogar en venta","House For Sale"
"hogar En venta","House For Sale"
"hogar En venta","House For Sale"
"hogar en Venta","House For Sale"
"hogar en Venta","House For Sale"
"hogar En Venta","House For Sale"
"hogar En Venta","House For Sale"
"Hogar se vende","House For Sale"
"Hogar se vende","House For Sale"
"Hogar Se vende","House For Sale"
"Hogar Se vende","House For Sale"
"Hogar se Vende","House For Sale"
"Hogar se Vende","House For Sale"
"Hogar Se Vende","House For Sale"
"Hogar Se Vende","House For Sale"
"Hogar en venta","House For Sale"
"Hogar en venta","House For Sale"
"Hogar En venta","House For Sale"
"Hogar En venta","House For Sale"
"Hogar en Venta","House For Sale"
"Hogar en Venta","House For Sale"
"Hogar En Venta","House For Sale"
"Hogar En Venta","House For Sale"
"residencia se vende","House For Sale"
"residencia se vende","House For Sale"
"residencia Se vende","House For Sale"
"residencia Se vende","House For Sale"
"residencia se Vende","House For Sale"
"residencia se Vende","House For Sale"
"residencia Se Vende","House For Sale"
"residencia Se Vende","House For Sale"
"residencia en venta","House For Sale"
"residencia en venta","House For Sale"
"residencia En venta","House For Sale"
"residencia En venta","House For Sale"
"residencia en Venta","House For Sale"
"residencia en Venta","House For Sale"
"residencia En Venta","House For Sale"
"residencia En Venta","House For Sale"
"Residencia se vende","House For Sale"
"Residencia se vende","House For Sale"
"Residencia Se vende","House For Sale"
"Residencia Se vende","House For Sale"
"Residencia se Vende","House For Sale"
"Residencia se Vende","House For Sale"
"Residencia Se Vende","House For Sale"
"Residencia Se Vende","House For Sale"
"Residencia en venta","House For Sale"
"Residencia en venta","House For Sale"
"Residencia En venta","House For Sale"
"Residencia En venta","House For Sale"
"Residencia en Venta","House For Sale"
"Residencia en Venta","House For Sale"
"Residencia En Venta","House For Sale"
"Residencia En Venta","House For Sale"
"house for rent","House for Rent"
"house for rent","House for Rent"
"house For rent","House for Rent"
"house For rent","House for Rent"
"house for Rent","House for Rent"
"house for Rent","House for Rent"
"house For Rent","House for Rent"
"house For Rent","House for Rent"
"house renting","House for Rent"
"house renting","House for Rent"
"house Renting","House for Rent"
"house Renting","House for Rent"
"house in rent","House for Rent"
"house in rent","House for Rent"
"house In rent","House for Rent"
"house In rent","House for Rent"
"house in Rent","House for Rent"
"house in Rent","House for Rent"
"house In Rent","House for Rent"
"house In Rent","House for Rent"
"House for rent","House for Rent"
"House for rent","House for Rent"
"House For rent","House for Rent"
"House For rent","House for Rent"
"House for Rent","House for Rent"
"House for Rent","House for Rent"
"House For Rent","House for Rent"
"House For Rent","House for Rent"
"House renting","House for Rent"
"House renting","House for Rent"
"House Renting","House for Rent"
"House Renting","House for Rent"
"House in rent","House for Rent"
"House in rent","House for Rent"
"House In rent","House for Rent"
"House In rent","House for Rent"
"House in Rent","House for Rent"
"House in Rent","House for Rent"
"House In Rent","House for Rent"
"House In Rent","House for Rent"
"home for rent","House for Rent"
"home for rent","House for Rent"
"home For rent","House for Rent"
"home For rent","House for Rent"
"home for Rent","House for Rent"
"home for Rent","House for Rent"
"home For Rent","House for Rent"
"home For Rent","House for Rent"
"home renting","House for Rent"
"home renting","House for Rent"
"home Renting","House for Rent"
"home Renting","House for Rent"
"home in rent","House for Rent"
"home in rent","House for Rent"
"home In rent","House for Rent"
"home In rent","House for Rent"
"home in Rent","House for Rent"
"home in Rent","House for Rent"
"home In Rent","House for Rent"
"home In Rent","House for Rent"
"Home for rent","House for Rent"
"Home for rent","House for Rent"
"Home For rent","House for Rent"
"Home For rent","House for Rent"
"Home for Rent","House for Rent"
"Home for Rent","House for Rent"
"Home For Rent","House for Rent"
"Home For Rent","House for Rent"
"Home renting","House for Rent"
"Home renting","House for Rent"
"Home Renting","House for Rent"
"Home Renting","House for Rent"
"Home in rent","House for Rent"
"Home in rent","House for Rent"
"Home In rent","House for Rent"
"Home In rent","House for Rent"
"Home in Rent","House for Rent"
"Home in Rent","House for Rent"
"Home In Rent","House for Rent"
"Home In Rent","House for Rent"
"residence for rent","House for Rent"
"residence for rent","House for Rent"
"residence For rent","House for Rent"
"residence For rent","House for Rent"
"residence for Rent","House for Rent"
"residence for Rent","House for Rent"
"residence For Rent","House for Rent"
"residence For Rent","House for Rent"
"residence renting","House for Rent"
"residence renting","House for Rent"
"residence Renting","House for Rent"
"residence Renting","House for Rent"
"residence in rent","House for Rent"
"residence in rent","House for Rent"
"residence In rent","House for Rent"
"residence In rent","House for Rent"
"residence in Rent","House for Rent"
"residence in Rent","House for Rent"
"residence In Rent","House for Rent"
"residence In Rent","House for Rent"
"Residence for rent","House for Rent"
"Residence for rent","House for Rent"
"Residence For rent","House for Rent"
"Residence For rent","House for Rent"
"Residence for Rent","House for Rent"
"Residence for Rent","House for Rent"
"Residence For Rent","House for Rent"
"Residence For Rent","House for Rent"
"Residence renting","House for Rent"
"Residence renting","House for Rent"
"Residence Renting","House for Rent"
"Residence Renting","House for Rent"
"Residence in rent","House for Rent"
"Residence in rent","House for Rent"
"Residence In rent","House for Rent"
"Residence In rent","House for Rent"
"Residence in Rent","House for Rent"
"Residence in Rent","House for Rent"
"Residence In Rent","House for Rent"
"Residence In Rent","House for Rent"
"mansion for rent","House for Rent"
"mansion for rent","House for Rent"
"mansion For rent","House for Rent"
"mansion For rent","House for Rent"
"mansion for Rent","House for Rent"
"mansion for Rent","House for Rent"
"mansion For Rent","House for Rent"
"mansion For Rent","House for Rent"
"mansion renting","House for Rent"
"mansion renting","House for Rent"
"mansion Renting","House for Rent"
"mansion Renting","House for Rent"
"mansion in rent","House for Rent"
"mansion in rent","House for Rent"
"mansion In rent","House for Rent"
"mansion In rent","House for Rent"
"mansion in Rent","House for Rent"
"mansion in Rent","House for Rent"
"mansion In Rent","House for Rent"
"mansion In Rent","House for Rent"
"Mansion for rent","House for Rent"
"Mansion for rent","House for Rent"
"Mansion For rent","House for Rent"
"Mansion For rent","House for Rent"
"Mansion for Rent","House for Rent"
"Mansion for Rent","House for Rent"
"Mansion For Rent","House for Rent"
"Mansion For Rent","House for Rent"
"Mansion renting","House for Rent"
"Mansion renting","House for Rent"
"Mansion Renting","House for Rent"
"Mansion Renting","House for Rent"
"Mansion in rent","House for Rent"
"Mansion in rent","House for Rent"
"Mansion In rent","House for Rent"
"Mansion In rent","House for Rent"
"Mansion in Rent","House for Rent"
"Mansion in Rent","House for Rent"
"Mansion In Rent","House for Rent"
"Mansion In Rent","House for Rent"
"condo for rent","House for Rent"
"condo for rent","House for Rent"
"condo For rent","House for Rent"
"condo For rent","House for Rent"
"condo for Rent","House for Rent"
"condo for Rent","House for Rent"
"condo For Rent","House for Rent"
"condo For Rent","House for Rent"
"condo renting","House for Rent"
"condo renting","House for Rent"
"condo Renting","House for Rent"
"condo Renting","House for Rent"
"condo in rent","House for Rent"
"condo in rent","House for Rent"
"condo In rent","House for Rent"
"condo In rent","House for Rent"
"condo in Rent","House for Rent"
"condo in Rent","House for Rent"
"condo In Rent","House for Rent"
"condo In Rent","House for Rent"
"Condo for rent","House for Rent"
"Condo for rent","House for Rent"
"Condo For rent","House for Rent"
"Condo For rent","House for Rent"
"Condo for Rent","House for Rent"
"Condo for Rent","House for Rent"
"Condo For Rent","House for Rent"
"Condo For Rent","House for Rent"
"Condo renting","House for Rent"
"Condo renting","House for Rent"
"Condo Renting","House for Rent"
"Condo Renting","House for Rent"
"Condo in rent","House for Rent"
"Condo in rent","House for Rent"
"Condo In rent","House for Rent"
"Condo In rent","House for Rent"
"Condo in Rent","House for Rent"
"Condo in Rent","House for Rent"
"Condo In Rent","House for Rent"
"Condo In Rent","House for Rent"
"casa se renta","House for Rent"
"casa se renta","House for Rent"
"casa Se renta","House for Rent"
"casa Se renta","House for Rent"
"casa se Renta","House for Rent"
"casa se Renta","House for Rent"
"casa Se Renta","House for Rent"
"casa Se Renta","House for Rent"
"casa en renta","House for Rent"
"casa en renta","House for Rent"
"casa En renta","House for Rent"
"casa En renta","House for Rent"
"casa en Renta","House for Rent"
"casa en Renta","House for Rent"
"casa En Renta","House for Rent"
"casa En Renta","House for Rent"
"Casa se renta","House for Rent"
"Casa se renta","House for Rent"
"Casa Se renta","House for Rent"
"Casa Se renta","House for Rent"
"Casa se Renta","House for Rent"
"Casa se Renta","House for Rent"
"Casa Se Renta","House for Rent"
"Casa Se Renta","House for Rent"
"Casa en renta","House for Rent"
"Casa en renta","House for Rent"
"Casa En renta","House for Rent"
"Casa En renta","House for Rent"
"Casa en Renta","House for Rent"
"Casa en Renta","House for Rent"
"Casa En Renta","House for Rent"
"Casa En Renta","House for Rent"
"mansion se renta","House for Rent"
"mansion se renta","House for Rent"
"mansion Se renta","House for Rent"
"mansion Se renta","House for Rent"
"mansion se Renta","House for Rent"
"mansion se Renta","House for Rent"
"mansion Se Renta","House for Rent"
"mansion Se Renta","House for Rent"
"mansion en renta","House for Rent"
"mansion en renta","House for Rent"
"mansion En renta","House for Rent"
"mansion En renta","House for Rent"
"mansion en Renta","House for Rent"
"mansion en Renta","House for Rent"
"mansion En Renta","House for Rent"
"mansion En Renta","House for Rent"
"mansión se renta","House for Rent"
"mansión se renta","House for Rent"
"mansión Se renta","House for Rent"
"mansión Se renta","House for Rent"
"mansión se Renta","House for Rent"
"mansión se Renta","House for Rent"
"mansión Se Renta","House for Rent"
"mansión Se Renta","House for Rent"
"mansión en renta","House for Rent"
"mansión en renta","House for Rent"
"mansión En renta","House for Rent"
"mansión En renta","House for Rent"
"mansión en Renta","House for Rent"
"mansión en Renta","House for Rent"
"mansión En Renta","House for Rent"
"mansión En Renta","House for Rent"
"Mansion se renta","House for Rent"
"Mansion se renta","House for Rent"
"Mansion Se renta","House for Rent"
"Mansion Se renta","House for Rent"
"Mansion se Renta","House for Rent"
"Mansion se Renta","House for Rent"
"Mansion Se Renta","House for Rent"
"Mansion Se Renta","House for Rent"
"Mansion en renta","House for Rent"
"Mansion en renta","House for Rent"
"Mansion En renta","House for Rent"
"Mansion En renta","House for Rent"
"Mansion en Renta","House for Rent"
"Mansion en Renta","House for Rent"
"Mansion En Renta","House for Rent"
"Mansion En Renta","House for Rent"
"Mansión se renta","House for Rent"
"Mansión se renta","House for Rent"
"Mansión Se renta","House for Rent"
"Mansión Se renta","House for Rent"
"Mansión se Renta","House for Rent"
"Mansión se Renta","House for Rent"
"Mansión Se Renta","House for Rent"
"Mansión Se Renta","House for Rent"
"Mansión en renta","House for Rent"
"Mansión en renta","House for Rent"
"Mansión En renta","House for Rent"
"Mansión En renta","House for Rent"
"Mansión en Renta","House for Rent"
"Mansión en Renta","House for Rent"
"Mansión En Renta","House for Rent"
"Mansión En Renta","House for Rent"
"hogar se renta","House for Rent"
"hogar se renta","House for Rent"
"hogar Se renta","House for Rent"
"hogar Se renta","House for Rent"
"hogar se Renta","House for Rent"
"hogar se Renta","House for Rent"
"hogar Se Renta","House for Rent"
"hogar Se Renta","House for Rent"
"hogar en renta","House for Rent"
"hogar en renta","House for Rent"
"hogar En renta","House for Rent"
"hogar En renta","House for Rent"
"hogar en Renta","House for Rent"
"hogar en Renta","House for Rent"
"hogar En Renta","House for Rent"
"hogar En Renta","House for Rent"
"Hogar se renta","House for Rent"
"Hogar se renta","House for Rent"
"Hogar Se renta","House for Rent"
"Hogar Se renta","House for Rent"
"Hogar se Renta","House for Rent"
"Hogar se Renta","House for Rent"
"Hogar Se Renta","House for Rent"
"Hogar Se Renta","House for Rent"
"Hogar en renta","House for Rent"
"Hogar en renta","House for Rent"
"Hogar En renta","House for Rent"
"Hogar En renta","House for Rent"
"Hogar en Renta","House for Rent"
"Hogar en Renta","House for Rent"
"Hogar En Renta","House for Rent"
"Hogar En Renta","House for Rent"
"residencia se renta","House for Rent"
"residencia se renta","House for Rent"
"residencia Se renta","House for Rent"
"residencia Se renta","House for Rent"
"residencia se Renta","House for Rent"
"residencia se Renta","House for Rent"
"residencia Se Renta","House for Rent"
"residencia Se Renta","House for Rent"
"residencia en renta","House for Rent"
"residencia en renta","House for Rent"
"residencia En renta","House for Rent"
"residencia En renta","House for Rent"
"residencia en Renta","House for Rent"
"residencia en Renta","House for Rent"
"residencia En Renta","House for Rent"
"residencia En Renta","House for Rent"
"Residencia se renta","House for Rent"
"Residencia se renta","House for Rent"
"Residencia Se renta","House for Rent"
"Residencia Se renta","House for Rent"
"Residencia se Renta","House for Rent"
"Residencia se Renta","House for Rent"
"Residencia Se Renta","House for Rent"
"Residencia Se Renta","House for Rent"
"Residencia en renta","House for Rent"
"Residencia en renta","House for Rent"
"Residencia En renta","House for Rent"
"Residencia En renta","House for Rent"
"Residencia en Renta","House for Rent"
"Residencia en Renta","House for Rent"
"Residencia En Renta","House for Rent"
"Residencia En Renta","House for Rent"
